Participante:;jooj;
Dia:;10;
Hora:;6;

Etapa 1: Condição Motora;
Resposta:;1532368217.1612382;1532368217.7653239;1532368218.3147767;1532368218.8076887;1532368219.1749873;1532368219.4949243;1532368219.865238;1532368220.2249634;1532368221.2345588;1532368221.7149155;
TR:;
Acerto:;

Etapa 2: Condição Interoceptiva (Pré);

Etapa 3: Condição de Feedback (Estetoscópio);

Etapa 4: Condição Interoceptiva (Pós);
